"Kiedy wojska niemieckie przekroczyły polską granicę, rozpoczynając II wojnę światową?",1 września 1939 r.
Który sojusznik Adolfa Hitlera zaatakował Polskę od wschodu 17 września 1939 roku?,Józef Stalin (Związek Sowiecki).
Gdzie kierowano polskie pociągi deportacyjne podczas zimy 1939/1940?,"Do gułagów w Kazachstanie, na Syberii i w innych regionach ZSRS."
"Jak nazywa się miejsce pod Smoleńskiem, gdzie wiosną 1940 r. zamordowano tysiące polskich jeńców wojennych?",Katyń.
Kto został dowódcą Polskich Sił Zbrojnych w ZSRS po zawarciu układu polsko-sowieckiego w 1941 roku?,Gen. Władysław Anders.
Z ilu dywizji składał się 2 Korpus Polskich Sił Zbrojnych na Zachodzie?,Z dwóch dywizji.
Kto sprawował dowództwo nad 3 Dywizją Strzelców Karpackich (3 DSK)?,Gen. bryg. Bronisław Duch.
Z jakich żołnierzy składała się głównie 5 Kresowa Dywizja Piechoty?,Z dawnych łagierników i zesłańców uratowanych z ZSRS.
Kto dowodził 5 Kresową Dywizją Piechoty (5 KDP)?,Gen. bryg. Nikodem Sulik.
Jakie bataliony strzelców wchodziły w skład 5 Wileńskiej Brygady Piechoty?,"13 „Rysie”, 14 „Żbiki” i 15 „Wilki”."
Kto był dowódcą 2 Brygady Pancernej wchodzącej w skład 2 Korpusu?,Gen. bryg. Bronisław Rakowski.
Który pułk pancerny 2 Korpusu Polskiego nosił nazwę „Skorpion”?,Pułk 4 Pancerny.
"Jak nazywała się ochotnicza formacja kobieca w PSZ, potocznie zwana „Pestkami”?",Pomocnicza Służba Kobiet (PSK).
Kto pełnił funkcję inspektorki Pomocniczej Służby Kobiet przy 2 Korpusie?,Płk Bronisława Wysłouchowa.
Kto był biskupem polowym żołnierzy 2 Korpusu Polskiego?,Bp Józef Gawlina.
Jak nazywał się najpopularniejszy tygodnik wydawany przez 2 Korpus Polski?,„Orzeł Biały”.
Która aliancka grupa armii wylądowała na Sycylii w lipcu 1943 roku?,15 Grupa Armii.
Kto dowodził 15 Grupą Armii podczas lądowania na Sycylii?,Marsz. Harold Alexander.
"Jak nazywała się główna niemiecka linia obronna, której kluczowym punktem było Monte Cassino?",Linia Gustawa.
Dlaczego dolina rzeki Liri była kluczowa dla aliantów podczas ofensywy we Włoszech?,Stanowiła jedyną drogę na Rzym umożliwiającą przemarsz jednostek zmotoryzowanych i pancernych.
Kto założył klasztor na wzgórzu Monte Cassino w 529 roku?,Św. Benedykt z Nursji.
Kto był założycielką opactwa żeńskiego w Monte Cassino i siostrą św. Benedykta?,Św. Scholastyka.
Jak nazywał się opat klasztoru na Monte Cassino w 1943 roku?,Bp Gregorio Diamare.
Którzy niemieccy oficerowie nakłonili opata do ewakuacji zbiorów klasztornych do Rzymu?,Ppłk Julius Schlegel i kpt. dr Maximilian Becker.
Kto dowodził obroną całości linii Gustawa po stronie niemieckiej?,Gen. por. Fridolin von Senger und Etterlin.
Która elitarna jednostka spadochronowa Luftwaffe obsadziła pozycje na linii Gustawa?,1 Dywizja Strzelców Spadochronowych.
Kto dowodził niemiecką Dywizją Pancerno-Spadochronową „Hermann Göring”?,Gen. mjr Wilhelm Schmalz.
Kiedy ruszyło pierwsze bezpośrednie natarcie aliantów na linię Gustawa?,17 stycznia 1944 r.
Kto dowodził Francuskim Korpusem Ekspedycyjnym podczas walk we Włoszech?,Gen. Alphonse Juin.
"Jak nazywano 34 Dywizję Piechoty USA, która uderzyła na miasto Cassino od północy?",„Red Bulls”.
Kto kategorycznie zażądał zbombardowania klasztoru na Monte Cassino?,Gen. Bernard Freyberg.
W jakim dniu samoloty amerykańskie zrzuciły 576 ton bomb na klasztor Monte Cassino?,15 lutego 1944 r.
Pod jakim numerem znane było strategiczne wzgórze Monte Calvario?,Wzgórze 593.
Który polski żołnierz odegrał hejnał mariacki na ruinach klasztoru po jego zdobyciu?,Plutonowy (lub kplut.) Emil Czech.
Jaki kwiat stał się symbolem przelanej krwi żołnierzy polskich pod Monte Cassino?,Czerwony mak.
Jak nazywał się lekki czołg rozpoznawczy używany przez polskie oddziały we Włoszech?,M3A3 Stuart.
Który polski pułk ułanów jako pierwszy wkroczył do ruin klasztoru?,12 Pułk Ułanów Podolskich.
Jak nazywała się brytyjska armia wchodząca w skład 15 Grupy Armii?,8 Armia.
Ile kart do gry zawiera zestaw edukacyjny „ZnajZnak – Monte Cassino”?,132 karty.
Na ile zestawów (oznaczonych literami od A do N) podzielone są karty w grze?,Na 13 zestawów.
"Kto jest głównym projektantem gry „ZnajZnak”, na której oparto wersję o Monte Cassino?",Karol Madaj.
"Co należy zrobić w wariancie gry „Rozgrzewka”, gdy znajdzie się wspólny symbol?",Pierwszy wypowiedzieć na głos jego nazwę i przełożyć swoją kartę na środek.
Gdzie w grze „ZnajZnak” można sprawdzić poprawną nazwę symbolu?,Na rewersie karty.
Kto ma pierwszeństwo w grze w przypadku jednoczesnego podania nazwy symbolu?,Najmłodszy z graczy.
Jak nazywa się formacja włoska walcząca po stronie aliantów od 1943 roku?,Korpus Wyzwolenia Włoch.
Kto dowodził Korpusem Wyzwolenia Włoch?,Gen. Umberto Utili.
W jakim mieście we wrześniu 1943 r. alianci zajęli najważniejszy punkt południowych Włoch?,W Neapolu.
Który oddział rozpoznawczy kontynuował tradycje kawaleryjskie pod dowództwem gen. Andersa?,15 Pułk Ułanów Poznańskich.
Jak nazywała się jednostka artylerii polskiej tworzona przez sześć pułków?,2 Grupa Artylerii.
"Podaj nazwę pułku pancernego 2 Korpusu, który nosił nazwę „Dzieci Lwowskich”.",Pułk 6 Pancerny.
Która rzeka stanowiła naturalną barierę dla amerykańskiej 36 Teksańskiej Dywizji Piechoty?,Rzeka Rapido.
Kto sprawował funkcję redaktora opracowania historycznego broszury?,Prof. dr hab. Michał Polak.
Jaki amerykański order wojskowy widnieje wśród symboli na kartach gry?,Legia Zasługi (Legion of Merit).
Jaką nazwę nosił pułk ułanów wchodzący w skład 3 DSK?,Pułk Ułanów Karpackich.