Jaką funkcję w 3 Dywizji Strzelców Karpackich pełnił 12 Pułk Ułanów Podolskich?,Był to rozpoznawczy pułk kawalerii pancernej.
W skład której dywizji wchodziła 6 Lwowska Brygada Piechoty?,Wchodziła w skład 5 Kresowej Dywizji Piechoty.
Która polska jednostka pancerna wspierała natarcie piechoty na Piedimonte?,Pułk 6 Pancerny „Dzieci Lwowskich”.
Jakie główne formacje wojskowe podległe Polsce dowodził gen. dyw. Władysław Anders?,"Armię Polską w ZSRS, Armię Polską na Wschodzie i 2 Korpus Polski."
Kto w 3 Dywizji Strzelców Karpackich otrzymał Order Virtuti Militari za walki na Linii Hitlera?,Kpr. Franciszek Kurak.
Pod czyim dowództwem znajdowała się Nowozelandzka 2 Dywizja Piechoty?,Gen. mjr. Howarda Kippenbergera.
Termin: Thompson M1,Amerykański pistolet maszynowy znany powszechnie jako „Tommy gun”.
Jakie działo stanowiło podstawę artylerii polowej dywizji brytyjskich podczas II wojny światowej?,"Haubicoarmata 25-funtowa (87,6 mm)."
Która konferencja z lutego 1945 r. zdecydowała o oddaniu państw Europy Środkowej pod wpływy ZSRS?,Konferencja w Jałcie.
Kto pełnił funkcję biskupa polowego Polskich Sił Zbrojnych?,Bp Józef Gawlina.
Który generał stał na czele amerykańskiej 5 Armii podczas walk o Monte Cassino?,Gen. por. Mark Wayne Clark.
Czym był Corpo Italiano di Liberazione?,Włoskim Korpusem Wyzwolenia sformowanym w marcu 1944 r. w ramach sił alianckich.
Jaki środek transportu był najskuteczniejszy do dostarczania zaopatrzenia w trudnym górskim terenie?,Muł.
Kto dowodził Włoskim Korpusem Wyzwolenia w składzie 15 Grupy Armii?,Gen. Umberto Utili.
Jaką funkcję w wojsku pełniła płk Bronisława Wysłouchowa?,Była inspektorem Pomocniczej Służby Kobiet.
Czym był PIAT w arsenale wojsk brytyjskich?,Był to brytyjski granatnik przeciwpancerny.
Co transportowały sowieckie pociągi deportacyjne podczas wojny?,Setki tysięcy Polaków wywożonych w głąb ZSRS.
Pod czyim dowództwem znajdowała się brytyjska 78 Dywizja Piechoty „Battleaxe”?,Gen. mjr. Charlesa Keightleya.
Które polskie miasto obecnie znajduje się w granicach niepodległej Litwy?,Wilno.
Jakie jest najwyższe polskie odznaczenie wojskowe nadawane za męstwo na polu walki?,Order Wojenny Virtuti Militari.
Kto dowodził 5 Kresową Dywizją Piechoty w ramach 2 Korpusu Polskiego?,Gen. bryg. Nikodem Sulik.
Agresja którego państwa na Polskę była realizacją tajnego protokołu paktu Ribbentrop-Mołotow?,ZSRS (Armii Czerwonej).
Jaką nazwę nosiła amerykańska 34 Dywizja Piechoty dowodzona przez gen. mjr. Charlesa W. Rydera?,„Czerwone Byki”.
Kto zajmował stanowisko Naczelnego Wodza Polskich Sił Zbrojnych w latach 1943–1944?,Gen. Kazimierz Sosnkowski.
Który batalion piechoty wchodzący w skład 5 Kresowej Dywizji Piechoty nosił przydomek „Wilki”?,15 Wileński Batalion Strzelców.
Przez kogo i w którym wieku zostało założone opactwo Monte Cassino?,Przez św. Benedykta w VI wieku.
Czym był ruch pod nazwą „Wolna Francja”?,Ruchem polityczno-wojskowym pod wodzą gen. Charles’a de Gaulle’a kontynuującym walkę z Niemcami.
Termin: Universal Carrier,Brytyjski gąsienicowy lekki transporter opancerzony.
Jakie odznaczenie ustanowiono specjalnie dla żołnierzy 2 Korpusu Polskiego za walki o klasztor?,Krzyż Pamiątkowy Monte Cassino.
Gdzie polski żołnierz sił lądowych umieszczał znak orła wojskowego?,Na nakryciu głowy.
Kto dowodził 2 Brygadą Pancerną 2 Korpusu Polskiego?,Gen. Bronisław Rakowski.
Które z miast odebranych Polsce przez ZSRS znajduje się obecnie w granicach Ukrainy?,Lwów.
Jak potocznie nazywano ochotniczki Pomocniczej Służby Kobiet (PSK)?,„Pestki”.
Kto dowodził brytyjskim XIII Korpusem w składzie 8 Armii?,Gen. por. Sidney Kirkman.
Kto pełnił funkcję zastępcy dowódcy 5 Kresowej Dywizji Piechoty?,Płk dypl. Klemens Rudnicki.
Kto był dowódcą brytyjskiej 8 Armii podczas kampanii włoskiej?,Gen. por. Oliver Leese.
Które jednostki alianckie dokonały nieudanego forsowania rzeki Garigliano 17 stycznia 1944 r.?,Amerykańska 5 Armia i brytyjski X Korpus.
Kto jest uznawany za patrona Europy oraz założyciela zakonu benedyktynów?,Św. Benedykt z Nursji.
Przez jaki okres czasu brytyjski RKM Bren był używany w wojsku?,Od czasów II wojny światowej aż do 1991 roku.
Za co przyznawano brytyjskie odznaczenie o nazwie Gwiazda Włoch?,Za udział w walkach na terenie Włoch i w śródziemnomorskim teatrze działań.
Kto sprawował funkcję alianckiego głównodowodzącego na obszarze Morza Śródziemnego?,Marsz. Harold Alexander.
Kto był opatem klasztoru na Monte Cassino w czasie działań wojennych?,Bp Gregorio Diamare.
Kim dla św. Benedykta była św. Scholastyka?,Była jego siostrą bliźniaczką i założycielką żeńskiej gałęzi zakonu benedyktynów.
Kto był najmłodszym kawalerem Krzyża Wiktorii za walki na Linii Gustawa?,Szer. Kamal Ram z 8 Pułku Pendżabskiego.
Kto pełnił funkcję niemieckiego głównodowodzącego w śródziemnomorskim teatrze wojennym?,Feldmarsz. Albert Kesselring.
Co upamiętnia pomnik 4 Pułku Pancernego w postaci czołgu ppor. L. Białeckiego?,Śmierć całej załogi w eksplozji miny 12 maja 1944 r.
Jak nazywał się podstawowy karabin wojsk sprzymierzonych produkowany masowo od 1917 r.?,Lee-Enfield No. 4 Mk I.
Czym była 2 Grupa Artylerii w strukturze 2 Korpusu Polskiego?,Była to artyleria pozadywizyjna.
Który niemiecki oficer uratował dzieła sztuki z klasztoru Monte Cassino przed zniszczeniem?,Ppłk Julius Schlegel.
Kto dowodził niemieckim XIV Korpusem Pancernym Wehrmachtu?,Gen. Fridolin von Senger und Etterlin.
Która elitarna niemiecka jednostka spadochronowa broniła Monte Cassino?,1 Dywizja Strzelców Spadochronowych.
Kto stał na czele nowozelandzkiego II Korpusu?,Gen. por. Bernard Freyberg.
Jak nazywała się oficjalna gazeta 2 Korpusu Polskiego?,„Orzeł Biały”.
Do jakiego kraju należy wysokie odznaczenie wojskowe o nazwie Legia Zasługi?,Do Stanów Zjednoczonych.
Jaką nazwę nosiła amerykańska 36 Dywizja Piechoty dowodzona przez gen. mjr. Freda Walkera?,„Grot”.
Która hinduska formacja piechoty w składzie 4 Dywizji pochodziła z Nepalu?,1 batalion 9 Pułku Gurkhów.
Czym była niemiecka broń o nazwie Nebelwerfer?,Wielolufową wyrzutnią rakietową.
Kim był kpt. Jerzy Kluger w kontekście 2 Korpusu Polskiego?,Był jednym z tysiąca polskich Żydów w Korpusie i szkolnym kolegą Karola Wojtyły.
Jaki amerykański samochód terenowy był powszechnie używany przez wojska sprzymierzone?,Jeep Willys.
Od którego roku produkowany był niemiecki pistolet maszynowy MP-40?,Od 1940 roku.
Która broń była podstawowym karabinem maszynowym Wehrmachtu od 1942 r.?,MG-42 (uniwersalny karabin maszynowy).
Termin: Staghound,Amerykański samochód pancerny T17 używany przez alianckie jednostki rozpoznawcze.
Jaką rolę pełnił M3A3 Stuart w wojskach pancernych sprzymierzonych?,Był to lekki czołg rozpoznawczy.
Czym charakteryzował się brytyjski średni czołg M4A2 Sherman?,Zapewniał wsparcie pancerne jednostkom alianckim.
W jakim celu stosowano medalion znany jako Krzyż św. Benedykta?,Jako ważny sakramentalium katolickie (znany od XI w.).
Który batalion piechoty wchodził w skład 3 Dywizji Strzelców Karpackich?,2 Batalion Strzelców Karpackich.
Która brytyjska dywizja piechoty wchodziła w skład nowozelandzkiego II Korpusu?,78 Dywizja Piechoty.
Pod czyim dowództwem znajdowała się Hinduska 4 Dywizja Piechoty?,Gen. mjr. Francisa Tukera.
Jaką nazwę nosił brytyjski batalion piechoty przydzielony do hinduskiej 4 Dywizji?,5 Batalion Królewskiego Pułku Sussex.
Czym była formacja Luftwafe w strukturze III Rzeszy?,"Były to siły powietrzne, w skład których wchodziły m.in. wojska spadochronowe."
Która flaga Indii była używana na arenie międzynarodowej w latach 1880–1947?,Flaga Indii Brytyjskich.
Przez kogo była używana flaga USA z 48 gwiazdkami (w latach 1912–1959)?,Przez Stany Zjednoczone podczas II wojny światowej.
Jaki typ umundurowania nosił typowy żołnierz Wehrmachtu?,Standardowe umundurowanie polowe piechoty niemieckiej.
W jakie mundury byli wyposażeni żołnierze 2 Korpusu Polskiego?,W typowe brytyjskie umundurowanie polowe.
Kto dowodził brytyjską 4 Dywizją Piechoty w składzie 8 Armii?,Gen. mjr. Alfred Ward.
Jak nazywało się pamiątkowe odznaczenie wielkiej jednostki 2 Korpusu Polskiego?,Odznaka 2 Brygady Pancernej.
Jaką broń maszynową nazywano „postrachem alianckich oddziałów”?,Wielolufowe wyrzutnie rakietowe Nebelwerfer.
Czym wyróżniały się hełmy niemieckich spadochroniarzy (wz. 38)?,"Miały nietypowy, mniejszy kształt w porównaniu do standardowych hełmów piechoty."
"Jaki stopień oficerski w Wojsku Polskim jest wyższy od kapitana, a niższy od podpułkownika?",Major.
Który stopień podoficerski w Wojsku Polskim określany jest jako wyższy?,Sierżant.